gender,name.title,name.first,name.last,location.street.number,location.street.name,location.city,location.state,location.country,location.postcode,location.coordinates.latitude,location.coordinates.longitude,location.timezone.offset,location.timezone.description,email,login.uuid,login.username,login.password,login.salt,login.md5,login.sha1,login.sha256,dob.date,dob.age,registered.date,registered.age,phone,cell,id.name,id.value,picture.large,picture.medium,picture.thumbnail,nat
female,Miss,Sofia,Lewis,5550,Lakeshore Rd,Norfolk,West Virginia,United States,24004,-27.2482,117.9919,-5:00,"Eastern Time (US & Canada), Bogota, Lima",sofia.lewis@example.com,d813869f-2b7c-447d-9eff-6bfb000292f9,yellowgorilla732,victory,TDVrC1I6,dd2a31bd01023b217a57748aa40e9a78,15a64bdc71a15af41d32deadde2867b2ce0f9163,eb6c6566ba6e3ba6ff09924255f13452c4aa6cd12ec537bc9b49a2bc37382248,1998-06-07T23:34:37.429Z,26,2016-06-02T13:46:32.715Z,8,(201) 619-5226,(507) 642-1966,SSN,644-30-2186,https://randomuser.me/api/portraits/women/0.jpg,https://randomuser.me/api/portraits/med/women/0.jpg,https://randomuser.me/api/portraits/thumb/women/0.jpg,US
female,Ms,Soledad,Montero,741,Calle de Arturo Soria,Albacete,Castilla la Mancha,Spain,54327,-45.0228,-97.1546,+9:00,"Tokyo, Seoul, Osaka, Sapporo, Yakutsk",soledad.montero@example.com,971b9732-f9ab-4775-832d-9cbe9fd16047,ticklishwolf266,konyor,hu9EtbkG,cffbfa3470e3a1ddbd5cc7d59dd80778,3bd6091894fc9a2e7be640b9e6e4112bbdb299ec,2f292a9cb5df3b68e092b85f6e094aa26683e64f0a33711b51053cec39f5af73,1996-05-08T17:11:48.098Z,28,2006-05-23T04:38:22.102Z,18,964-759-825,657-462-995,DNI,55758888-B,https://randomuser.me/api/portraits/women/48.jpg,https://randomuser.me/api/portraits/med/women/48.jpg,https://randomuser.me/api/portraits/thumb/women/48.jpg,ES
male,Mr,Alberto,Caballero,192,Calle del Pez,Castellón de la Plana,Aragón,Spain,47421,-69.5093,-62.9611,+4:30,Kabul,alberto.caballero@example.com,f740288d-f2e3-47a7-88ed-499b6a3ff989,greenpanda342,shamrock,iBCtIqST,6768cbbe0cbe559fc4d9fd5fb688727d,39816be125ea9f0c3f0f5dace926ad8d3ed50a7a,16b24cf11cbdab7ccd702a0031e176ac1e7ac1b282a38b14c9481010f68408b0,1964-08-21T10:34:16.968Z,60,2021-08-29T10:46:08.640Z,3,972-198-565,661-687-297,DNI,19316661-K,https://randomuser.me/api/portraits/men/41.jpg,https://randomuser.me/api/portraits/med/men/41.jpg,https://randomuser.me/api/portraits/thumb/men/41.jpg,ES
male,Mr,Donald,Rivera,6250,W Belt Line Rd,Salt Lake City,Tennessee,United States,62458,39.2969,32.0998,+4:00,"Abu Dhabi, Muscat, Baku, Tbilisi",donald.rivera@example.com,cddd1e60-1a0c-4216-a675-84bbc6b45f6b,bluemouse339,test1,0194Bvax,fe858f4b2476b615241076bb908bd091,b377a98ecd72785c2d837ed4844a547beecb63da,cdb6eff4aa065581010c535077333fe3a0b4b6f4a30e0712ff0d6ffbfad2240a,1962-07-09T02:33:17.563Z,62,2005-10-21T21:11:57.124Z,19,(232) 529-4791,(227) 651-9525,SSN,526-13-5457,https://randomuser.me/api/portraits/men/18.jpg,https://randomuser.me/api/portraits/med/men/18.jpg,https://randomuser.me/api/portraits/thumb/men/18.jpg,US
male,Mr,Ramon,Adams,7526,Valwood Pkwy,Ann Arbor,Kentucky,United States,36308,-50.7783,-131.2621,0:00,"Western Europe Time, London, Lisbon, Casablanca",ramon.adams@example.com,ec8a8b29-ec3f-4b2f-92a9-926774c9aecd,lazymouse134,magical,HGHGQdsQ,89198c0de19e7295b889adf3d92225c2,b458514428e08cf53ce96b84a42ecc9da4372e52,2ac44993041dd58cdbb625a0d329f79159eb21f54ad235fe3bfad170b32e463d,1980-09-29T21:41:27.051Z,44,2013-06-17T04:23:55.056Z,11,(403) 741-7533,(718) 529-4647,SSN,161-13-6468,https://randomuser.me/api/portraits/men/46.jpg,https://randomuser.me/api/portraits/med/men/46.jpg,https://randomuser.me/api/portraits/thumb/men/46.jpg,US
female,Mrs,Florence,Chapman,7612,Rectory Lane,Chester,West Sussex,United Kingdom,X81 7YE,14.9170,177.7664,+3:30,Tehran,florence.chapman@example.com,dfe7505e-3a45-4220-9363-f7ce313b982f,tinycat907,bigblue,T8j7RVDX,d0e494ef8be7eda514423f8a6349b28d,60154262d015ad476be1384b211402a0b6666053,f0005388693a6b36d78caee3a887d9c7c847e37aa0280a7bb9c865c08094cab9,1948-10-10T23:35:29.377Z,76,2017-01-16T10:28:28.065Z,8,016977 43456,07478 346453,NINO,BB 11 93 45 O,https://randomuser.me/api/portraits/women/21.jpg,https://randomuser.me/api/portraits/med/women/21.jpg,https://randomuser.me/api/portraits/thumb/women/21.jpg,GB
male,Mr,Steve,Mason,9963,The Green,Truro,Leicestershire,United Kingdom,H0F 9QW,4.9009,-102.7732,+7:00,"Bangkok, Hanoi, Jakarta",steve.mason@example.com,894a2686-9ba0-4c07-8d05-48888a04a97a,heavykoala710,biology,4QidBzHt,6938be98498910b8cd91edf462bd6906,07e46c126aa091ef21c2e592b0553e35cc9d3fe4,672fe9df1e7cf5279cdaf4c97be419270109a9083d9088847979188303607b9f,1961-11-03T18:36:26.019Z,63,2014-12-04T13:20:03.775Z,10,015242 54718,07984 660204,NINO,JW 45 19 67 F,https://randomuser.me/api/portraits/men/34.jpg,https://randomuser.me/api/portraits/med/men/34.jpg,https://randomuser.me/api/portraits/thumb/men/34.jpg,GB
female,Ms,Wendy,Stephens,4829,Hamilton Ave,Chattanooga,Pennsylvania,United States,21521,-83.0014,48.9559,+4:00,"Abu Dhabi, Muscat, Baku, Tbilisi",wendy.stephens@example.com,87405b62-b855-4b2d-b4f7-a7c2b225a7ae,blueladybug514,invest,LKImQxvc,a0f33b306a5bd85b8a3dc52d6319ed13,3125b0480e9c884d0f4a93d0c12000b87330e2fe,5996308392182b8fe2b33e0f5e4f6fc43abc2484bdbfe94670a2ad2c6d81ee70,1960-04-07T17:34:08.375Z,64,2012-02-01T06:59:50.363Z,13,(327) 825-1114,(962) 498-2861,SSN,798-41-0564,https://randomuser.me/api/portraits/women/24.jpg,https://randomuser.me/api/portraits/med/women/24.jpg,https://randomuser.me/api/portraits/thumb/women/24.jpg,US
male,Mr,Arnold,Knight,7090,North Street,Gloucester,County Tyrone,United Kingdom,CM11 9LR,-34.9449,10.9782,+3:30,Tehran,arnold.knight@example.com,6299cb3f-2bf2-4ebc-bc2e-1e1b3bb18dea,lazyfrog313,sable,dKqN2SIN,faa371e9910691ad4e40abb171f737a4,6bc3aad5122a4f8fd73474d838ffd2c353ed8e76,2daac80d4901ec53f3008fb27757641828dadbf05ef2de46852109860d22ed6d,1983-02-24T12:11:33.064Z,42,2020-09-04T05:17:40.917Z,4,015394 01045,07637 836457,NINO,CZ 75 67 21 Q,https://randomuser.me/api/portraits/men/73.jpg,https://randomuser.me/api/portraits/med/men/73.jpg,https://randomuser.me/api/portraits/thumb/men/73.jpg,GB
female,Ms,Cathy,Lucas,5001,Chester Road,Newry,County Tyrone,United Kingdom,PO60 9PN,26.3625,-174.9436,-3:00,"Brazil, Buenos Aires, Georgetown",cathy.lucas@example.com,25b973f3-c636-4358-bb84-6a299d232b0b,crazypeacock161,kitty,A4QkMmK8,b5b2eca569c852090054da0c7386f11c,93c68628018970c076b80916ca6143074c29d5fb,a7f3aaf5f01b1fa69eb931e5fb723dedb283a47f18c4c7d5964c85a3a1579c27,1987-01-25T13:41:52.723Z,38,2010-07-28T02:58:29.627Z,14,017683 76041,07041 838924,NINO,TM 84 88 73 L,https://randomuser.me/api/portraits/women/14.jpg,https://randomuser.me/api/portraits/med/women/14.jpg,https://randomuser.me/api/portraits/thumb/women/14.jpg,GB
male,Mr,Armando,Dixon,6956,Bridge Road,Peterborough,Dyfed,United Kingdom,P0 6YR,-41.3677,109.0561,-8:00,Pacific Time (US & Canada),armando.dixon@example.com,f5593e90-4353-4ceb-8e8a-804def7894b5,happymouse261,gator,SIXDNQ0R,4119d573233d4574610abaea9060bea4,663ed17824d906140620c43ebb57a4659ff37624,3f3edd4eea9b1fefc30fa2c7244dbdbe974cdc5a32182d779785557f487de974,1969-02-16T15:03:36.610Z,56,2016-05-01T21:54:58.800Z,8,016977 3797,07261 375323,NINO,NB 82 08 48 S,https://randomuser.me/api/portraits/men/23.jpg,https://randomuser.me/api/portraits/med/men/23.jpg,https://randomuser.me/api/portraits/thumb/men/23.jpg,GB
male,Mr,Kenneth,Elliott,4249,Grove Road,Stevenage,West Yorkshire,United Kingdom,FU61 2RX,-82.7900,108.9636,+3:30,Tehran,kenneth.elliott@example.com,7568aa1e-c69e-4229-8017-0bd946700288,beautifulbird923,skidoo,cr7DJngh,20ece04f1390595206a0cb80be280f37,ee2db4e9e25a554af1e7d2531e1972a5ba709457,1d98bee017a008813b2100be6c26462437349caa7b475400959867a41a8cb8dd,1965-02-23T03:40:35.389Z,60,2014-09-08T18:31:10.885Z,10,01236 27402,07188 408139,NINO,XZ 15 42 62 D,https://randomuser.me/api/portraits/men/7.jpg,https://randomuser.me/api/portraits/med/men/7.jpg,https://randomuser.me/api/portraits/thumb/men/7.jpg,GB
female,Ms,Julie,Moreno,5369,Fincher Rd,Buffalo,New Mexico,United States,16242,47.6395,-82.0009,+4:30,Kabul,julie.moreno@example.com,1b7cd579-7862-4626-a27b-bd3ed2bf2a5c,bluelion470,jules,Hs4utope,2206e0f7fa8ca5d948fbd52c8d889f3f,302a799ce09493e257957d62c1f4994239b1d52a,0424c8120aea73b99216ca4b85e239f241fceca45cf611a8be66e56856a2f3aa,1991-12-24T11:41:19.671Z,33,2013-05-14T17:31:12.086Z,11,(497) 946-3283,(687) 375-8503,SSN,131-07-5663,https://randomuser.me/api/portraits/women/71.jpg,https://randomuser.me/api/portraits/med/women/71.jpg,https://randomuser.me/api/portraits/thumb/women/71.jpg,US
male,Mr,Vincent,Bryant,5804,North Road,Westminster,Gwent,United Kingdom,Y6W 2DJ,84.3414,-115.0946,-2:00,Mid-Atlantic,vincent.bryant@example.com,6c2353c8-bcb0-441a-a012-2f679830e9df,heavypanda856,icu812,LQHuJeHe,028052705697a925d7aadf12478b650a,d3fdd730b5bb6394c3888a633fadc80cfae15ad7,49b8d79dc4245f514827618d2932becba23bcf09c0159a7cef7323dd0bc50ce9,1949-03-31T06:44:22.328Z,76,2008-11-05T21:05:44.102Z,16,01964 848106,07372 959248,NINO,EE 62 53 45 E,https://randomuser.me/api/portraits/men/98.jpg,https://randomuser.me/api/portraits/med/men/98.jpg,https://randomuser.me/api/portraits/thumb/men/98.jpg,GB
female,Mrs,Lourdes,Santiago,46,Paseo de Zorrilla,Santa Cruz de Tenerife,Comunidad Valenciana,Spain,46443,68.1587,138.4261,+11:00,"Magadan, Solomon Islands, New Caledonia",lourdes.santiago@example.com,98ea2066-8527-47a4-a520-9163144a7a61,silverbear739,smoothie,zVPz9WMp,707906a2a1c33cd0913df0542c47c558,0f45c526313922c8c032e6866df3a0bd860ebac5,4884fae8baed606006ca73b8ed7779c4d63afe6f6baeb96f62caff0d40ab6761,1969-05-10T01:32:58.443Z,55,2007-10-23T13:07:09.326Z,17,956-752-322,696-491-853,DNI,61924254-R,https://randomuser.me/api/portraits/women/16.jpg,https://randomuser.me/api/portraits/med/women/16.jpg,https://randomuser.me/api/portraits/thumb/women/16.jpg,ES
female,Ms,Belén,Pastor,8349,Calle del Pez,Parla,Comunidad de Madrid,Spain,67835,-51.9908,92.9823,+9:00,"Tokyo, Seoul, Osaka, Sapporo, Yakutsk",belen.pastor@example.com,1a2f3052-6b6d-4634-a4a9-27ffe687c3d9,brownpeacock551,dddddd,K1ut6tya,f698504dc301ec1f94146453d8187eae,6acd510e0923afe1836919289c4a87eb1a8bd826,70e6c37d84e3b5593388517d59dfc570bf126ba155b0009fe0836f4b645eb37f,1965-01-06T22:24:20.728Z,60,2014-07-04T11:30:54.739Z,10,992-730-840,650-781-655,DNI,38585747-C,https://randomuser.me/api/portraits/women/27.jpg,https://randomuser.me/api/portraits/med/women/27.jpg,https://randomuser.me/api/portraits/thumb/women/27.jpg,ES
male,Mr,Kyle,Austin,3067,Oak Lawn Ave,Brownsville,Arizona,United States,32883,-49.8357,-24.3068,+6:00,"Almaty, Dhaka, Colombo",kyle.austin@example.com,7958d754-492f-4e10-826c-7e5d374e7ea0,organicpanda805,nothing,DgrGEEjU,57da75c45c5b0bfe1db7c9b5f46e2dd9,aa97d02c4e9496e2dfcfbf3a41170d2d251406eb,8ac9146e88da80739df2af7b714b762379c71b82ed2ffdddd6838ca0293b2a96,1967-03-21T03:40:34.330Z,58,2011-06-02T06:14:41.025Z,13,(422) 572-8473,(200) 847-9789,SSN,412-99-3814,https://randomuser.me/api/portraits/men/57.jpg,https://randomuser.me/api/portraits/med/men/57.jpg,https://randomuser.me/api/portraits/thumb/men/57.jpg,US
male,Mr,Willard,Evans,4103,Church Lane,Glasgow,Fife,United Kingdom,J24 1DS,-17.2874,90.1571,-9:00,Alaska,willard.evans@example.com,179b5426-4568-456c-a147-669d87874fd6,bigswan895,dnsadm,QsQ5cQ37,c9de24fa41d3303c01d3e99e6be195e8,2e2e0676e7131475258305a18726ce832cd7fbb6,72ee2418748b6757f57934255b3a41aa4c3bed4b416cd1e4033cee4226a89a92,1981-05-25T09:58:52.268Z,43,2002-04-01T08:58:34.106Z,23,017683 60335,07417 921130,NINO,JY 04 51 10 R,https://randomuser.me/api/portraits/men/92.jpg,https://randomuser.me/api/portraits/med/men/92.jpg,https://randomuser.me/api/portraits/thumb/men/92.jpg,GB
male,Mr,Xander,Byrd,7578,Main Street,Lisburn,Norfolk,United Kingdom,RT2L 6TG,30.1010,59.9762,-6:00,"Central Time (US & Canada), Mexico City",xander.byrd@example.com,13074fcc-ee4d-46bd-8c55-febeff5c55d6,heavytiger628,checkers,4P4iJoUm,fec5a8f48b6ad62813d4aa64778dd8ae,b337366408744ea21767b7162d047e0298b2be3d,cc16820b8bf987f4a0b7cdba6ceda1538cbfe12cc192d6f40e01a1158fecb234,1973-04-16T21:58:38.270Z,51,2010-05-11T04:25:56.942Z,14,016973 60338,07285 834423,NINO,MP 34 00 82 S,https://randomuser.me/api/portraits/men/26.jpg,https://randomuser.me/api/portraits/med/men/26.jpg,https://randomuser.me/api/portraits/thumb/men/26.jpg,GB
male,Mr,Daniel,Stanley,9597,Oaks Cross,Bangor,Buckinghamshire,United Kingdom,M9S 9YY,-21.0124,-0.9462,-9:00,Alaska,daniel.stanley@example.com,78413f9d-e4d6-482f-ac37-efdb9752c299,purpleswan983,iomega,LpdJ5mYf,742e7e8b96540e8dd90c3909b25654e4,c706695f1e3ea828dd65ad10d467559c3098b4e8,b26b7fdb1c133e3d48d75abfd49f4fdf7ea6a6dfb0644f0563b7eabf719694b8,1991-03-15T02:12:21.532Z,34,2013-10-16T08:24:14.209Z,11,015394 01495,07911 085476,NINO,WW 59 81 39 Z,https://randomuser.me/api/portraits/men/9.jpg,https://randomuser.me/api/portraits/med/men/9.jpg,https://randomuser.me/api/portraits/thumb/men/9.jpg,GB
male,Mr,Stephen,Stanley,6955,Sunset St,West Palm Beach,Michigan,United States,27636,9.6087,-108.7415,+6:00,"Almaty, Dhaka, Colombo",stephen.stanley@example.com,b5507377-4742-44cd-8822-27f945fc3da1,redkoala705,brian,875sXNP2,832a5c5b6df91d6c90d2eca9486fee04,2b136f28068fd65ffef69e0079e1ec61587e07a0,d73a75d013aaf71cd0314391c82b72102067cbb39cf004226deb98cf6e0196f2,1950-01-12T06:28:18.791Z,75,2019-02-23T14:34:29.338Z,6,(512) 481-0390,(550) 927-8018,SSN,168-21-1675,https://randomuser.me/api/portraits/men/18.jpg,https://randomuser.me/api/portraits/med/men/18.jpg,https://randomuser.me/api/portraits/thumb/men/18.jpg,US
female,Mrs,Nieves,Campos,5957,Calle de Toledo,Mérida,Castilla la Mancha,Spain,52072,46.7197,158.3659,+5:30,"Bombay, Calcutta, Madras, New Delhi",nieves.campos@example.com,d6109970-3089-4b85-b209-4adb8ac753ae,happyfish128,musicman,YjMOZ83R,ff26163ffc5b66b310e508025bb694c4,4b06d470b154dbdce14ec87ca7518e1f87383d34,a6244253eceb8496ff3183c804ebc3efcda84ebeb440450fdc8c011acd189fe8,1962-10-20T07:10:40.153Z,62,2007-08-11T20:38:18.676Z,17,923-005-397,661-057-659,DNI,46719292-B,https://randomuser.me/api/portraits/women/30.jpg,https://randomuser.me/api/portraits/med/women/30.jpg,https://randomuser.me/api/portraits/thumb/women/30.jpg,ES
male,Mr,Eduardo,Reyes,5756,Avenida de Castilla,Ciudad Real,Galicia,Spain,10330,42.9742,108.7880,-3:30,Newfoundland,eduardo.reyes@example.com,5117ac55-b038-4c7e-a340-0ae6f29b4ac8,angrybird157,catherin,u0o4kaLm,f06a7d474aaa529be351289900a372ee,113a31b6c238806a004929c577d936e9d9943fe1,e7e440f3768a3b3e2c642f7e4bec9d53cc2504ca379a9ea82688a4ec0a554516,1987-08-19T18:44:12.980Z,37,2003-01-14T20:50:45.662Z,22,925-272-150,677-644-813,DNI,14059972-M,https://randomuser.me/api/portraits/men/36.jpg,https://randomuser.me/api/portraits/med/men/36.jpg,https://randomuser.me/api/portraits/thumb/men/36.jpg,ES
male,Mr,Kyle,Barnes,7088,Green Rd,Grants Pass,Texas,United States,98413,36.3200,-8.8238,+7:00,"Bangkok, Hanoi, Jakarta",kyle.barnes@example.com,77ee11d9-1f51-4030-b86f-43280ba5c685,blueswan697,vibrate,hBqekseD,6a797e760fcd975c0da5ae27dd09755d,8d8acc0bf37b59d28a5a166184b9124ae07d7933,adb23a1504be59ae266a00148fae80658752bdf85f28e68e07a09a5e2dd18bb8,1961-10-15T22:53:12.334Z,63,2017-05-02T13:22:46.973Z,7,(587) 806-1040,(285) 729-7087,SSN,422-79-1970,https://randomuser.me/api/portraits/men/72.jpg,https://randomuser.me/api/portraits/med/men/72.jpg,https://randomuser.me/api/portraits/thumb/men/72.jpg,US
female,Miss,Abby,Mills,6233,Grange Road,Manchester,East Sussex,United Kingdom,T12 2HB,-72.7961,-46.7716,+10:00,"Eastern Australia, Guam, Vladivostok",abby.mills@example.com,148775f7-1f0b-47c3-abdd-f6003d994fcc,yellowrabbit730,1965,K9u6aRff,a10f8f7eaee19cf6ce37e66eab5e68d5,49765cbd14006ea34c1594bd02079ae95b75998f,e8686868f883594da069fda47b5de2dea24daa02124d1b1c8415241aa7471906,1946-02-27T23:44:27.179Z,79,2017-10-04T15:01:13.031Z,7,015395 02894,07945 573386,NINO,NS 27 50 00 K,https://randomuser.me/api/portraits/women/6.jpg,https://randomuser.me/api/portraits/med/women/6.jpg,https://randomuser.me/api/portraits/thumb/women/6.jpg,GB